speciesName,status,fbSpecCode,validName,class,order,family,genus,commonName,commonSpecies
Acipenser baerii,accepted name,4683,Acipenser baerii,Chondrostei,Acipenseriformes,Acipenseridae,Acipenser,Siberian sturgeon,FALSE
Acipenser baeri,synonym,4683,Acipenser baerii,Chondrostei,Acipenseriformes,Acipenseridae,Acipenser,Siberian sturgeon,FALSE
Acipenser baeri baicalensis,synonym,4683,Acipenser baerii,Chondrostei,Acipenseriformes,Acipenseridae,Acipenser,Siberian sturgeon,FALSE
Acipenser baeri stenorrhynchus,synonym,4683,Acipenser baerii,Chondrostei,Acipenseriformes,Acipenseridae,Acipenser,Siberian sturgeon,FALSE
Acipenser baerii baerii,synonym,4683,Acipenser baerii,Chondrostei,Acipenseriformes,Acipenseridae,Acipenser,Siberian sturgeon,FALSE
Acipenser baerii baicalensis,synonym,4683,Acipenser baerii,Chondrostei,Acipenseriformes,Acipenseridae,Acipenser,Siberian sturgeon,FALSE
Acipenser baerii baikalensis,synonym,4683,Acipenser baerii,Chondrostei,Acipenseriformes,Acipenseridae,Acipenser,Siberian sturgeon,FALSE
Acipenser baerii stenorrhynchus,synonym,4683,Acipenser baerii,Chondrostei,Acipenseriformes,Acipenseridae,Acipenser,Siberian sturgeon,FALSE
Acipenser baieri,synonym,4683,Acipenser baerii,Chondrostei,Acipenseriformes,Acipenseridae,Acipenser,Siberian sturgeon,FALSE
Acipenser stenorrhynchus,synonym,4683,Acipenser baerii,Chondrostei,Acipenseriformes,Acipenseridae,Acipenser,Siberian sturgeon,FALSE
Acipenser stenorrhynchus baicalensis,synonym,4683,Acipenser baerii,Chondrostei,Acipenseriformes,Acipenseridae,Acipenser,Siberian sturgeon,FALSE
Alopias superciliosus,accepted name,2534,Alopias superciliosus,Elasmobranchii,Lamniformes,Alopiidae,Alopias,Bigeye thresher,FALSE
Alopecias superciliosus,synonym,2534,Alopias superciliosus,Elasmobranchii,Lamniformes,Alopiidae,Alopias,Bigeye thresher,FALSE
Alopias profundus,synonym,2534,Alopias superciliosus,Elasmobranchii,Lamniformes,Alopiidae,Alopias,Bigeye thresher,FALSE
Alopias superciliousus,synonym,2534,Alopias superciliosus,Elasmobranchii,Lamniformes,Alopiidae,Alopias,Bigeye thresher,FALSE
Beryx splendens,accepted name,1320,Beryx splendens,Teleostei,Beryciformes,Berycidae,Beryx,Splendid alfonsino,FALSE
Bryx splendens,synonym,1320,Beryx splendens,Teleostei,Beryciformes,Berycidae,Beryx,Splendid alfonsino,FALSE
Parablennius pilicornis,accepted name,16962,Parablennius pilicornis,Teleostei,Blenniiformes,Blenniidae,Parablennius,Ringneck blenny,FALSE
Blennius ater,synonym,16962,Parablennius pilicornis,Teleostei,Blenniiformes,Blenniidae,Parablennius,Ringneck blenny,FALSE
Blennius fascigula,synonym,16962,Parablennius pilicornis,Teleostei,Blenniiformes,Blenniidae,Parablennius,Ringneck blenny,FALSE
Blennius filicornis,synonym,16962,Parablennius pilicornis,Teleostei,Blenniiformes,Blenniidae,Parablennius,Ringneck blenny,FALSE
Blennius niger,synonym,16962,Parablennius pilicornis,Teleostei,Blenniiformes,Blenniidae,Parablennius,Ringneck blenny,FALSE
Blennius pantherinus,synonym,16962,Parablennius pilicornis,Teleostei,Blenniiformes,Blenniidae,Parablennius,Ringneck blenny,FALSE
Blennius pilicornis,synonym,16962,Parablennius pilicornis,Teleostei,Blenniiformes,Blenniidae,Parablennius,Ringneck blenny,FALSE
Blennius pilicornis euskalherriensis,synonym,16962,Parablennius pilicornis,Teleostei,Blenniiformes,Blenniidae,Parablennius,Ringneck blenny,FALSE
Blennius trifascigula,synonym,16962,Parablennius pilicornis,Teleostei,Blenniiformes,Blenniidae,Parablennius,Ringneck blenny,FALSE
Blennius vandervekeni,synonym,16962,Parablennius pilicornis,Teleostei,Blenniiformes,Blenniidae,Parablennius,Ringneck blenny,FALSE
Pictiblennius niger,synonym,16962,Parablennius pilicornis,Teleostei,Blenniiformes,Blenniidae,Parablennius,Ringneck blenny,FALSE
Parablennius ruber,accepted name,16330,Parablennius ruber,Teleostei,Blenniiformes,Blenniidae,Parablennius,Portuguese blenny,FALSE
Sphyraena viridensis,accepted name,10202,Sphyraena viridensis,Teleostei,Carangaria/misc,Sphyraenidae,Sphyraena,Yellowmouth barracuda,FALSE
Sphyraena viridensis mediterranea,synonym,10202,Sphyraena viridensis,Teleostei,Carangaria/misc,Sphyraenidae,Sphyraena,Yellowmouth barracuda,FALSE
Sphyraena viridiscens,synonym,10202,Sphyraena viridensis,Teleostei,Carangaria/misc,Sphyraenidae,Sphyraena,Yellowmouth barracuda,FALSE
Caranx crysos,accepted name,1933,Caranx crysos,Teleostei,Carangiformes,Carangidae,Caranx,Blue runner,FALSE
Carangoides crysos,synonym,1933,Caranx crysos,Teleostei,Carangiformes,Carangidae,Caranx,Blue runner,FALSE
Carangoides fusus,synonym,1933,Caranx crysos,Teleostei,Carangiformes,Carangidae,Caranx,Blue runner,FALSE
Caranx fusus,synonym,1933,Caranx crysos,Teleostei,Carangiformes,Carangidae,Caranx,Blue runner,FALSE
Caranx pisquetus,synonym,1933,Caranx crysos,Teleostei,Carangiformes,Carangidae,Caranx,Blue runner,FALSE
Paratractus crysos,synonym,1933,Caranx crysos,Teleostei,Carangiformes,Carangidae,Caranx,Blue runner,FALSE
Scomber chrysos,synonym,1933,Caranx crysos,Teleostei,Carangiformes,Carangidae,Caranx,Blue runner,FALSE
Scomber crysos,synonym,1933,Caranx crysos,Teleostei,Carangiformes,Carangidae,Caranx,Blue runner,FALSE
Trachurus squamosus,synonym,1933,Caranx crysos,Teleostei,Carangiformes,Carangidae,Caranx,Blue runner,FALSE
Seriola carpenteri,accepted name,1959,Seriola carpenteri,Teleostei,Carangiformes,Carangidae,Seriola,Guinean amberjack,FALSE
Seriola rivoliana,accepted name,1007,Seriola rivoliana,Teleostei,Carangiformes,Carangidae,Seriola,Longfin yellowtail,FALSE
Seriola bonariensis,synonym,1007,Seriola rivoliana,Teleostei,Carangiformes,Carangidae,Seriola,Longfin yellowtail,FALSE
Seriola bovinoculata,synonym,1007,Seriola rivoliana,Teleostei,Carangiformes,Carangidae,Seriola,Longfin yellowtail,FALSE
Seriola colburni,synonym,1007,Seriola rivoliana,Teleostei,Carangiformes,Carangidae,Seriola,Longfin yellowtail,FALSE
Seriola coronata,synonym,1007,Seriola rivoliana,Teleostei,Carangiformes,Carangidae,Seriola,Longfin yellowtail,FALSE
Seriola declivis,synonym,1007,Seriola rivoliana,Teleostei,Carangiformes,Carangidae,Seriola,Longfin yellowtail,FALSE
Seriola dubia,synonym,1007,Seriola rivoliana,Teleostei,Carangiformes,Carangidae,Seriola,Longfin yellowtail,FALSE
Seriola falcata,synonym,1007,Seriola rivoliana,Teleostei,Carangiformes,Carangidae,Seriola,Longfin yellowtail,FALSE
Seriola ligulata,synonym,1007,Seriola rivoliana,Teleostei,Carangiformes,Carangidae,Seriola,Longfin yellowtail,FALSE
Seriola proxima,synonym,1007,Seriola rivoliana,Teleostei,Carangiformes,Carangidae,Seriola,Longfin yellowtail,FALSE
Seriola ravoliana,synonym,1007,Seriola rivoliana,Teleostei,Carangiformes,Carangidae,Seriola,Longfin yellowtail,FALSE
Seriola rivolacea,synonym,1007,Seriola rivoliana,Teleostei,Carangiformes,Carangidae,Seriola,Longfin yellowtail,FALSE
Seriola rivolina,synonym,1007,Seriola rivoliana,Teleostei,Carangiformes,Carangidae,Seriola,Longfin yellowtail,FALSE
Seriola songoro,synonym,1007,Seriola rivoliana,Teleostei,Carangiformes,Carangidae,Seriola,Longfin yellowtail,FALSE
Trachurus picturatus,accepted name,1279,Trachurus picturatus,Teleostei,Carangiformes,Carangidae,Trachurus,Blue jack mackerel,FALSE
Caranx cuvieri,synonym,1279,Trachurus picturatus,Teleostei,Carangiformes,Carangidae,Trachurus,Blue jack mackerel,FALSE
Caranx melanosaurus,synonym,1279,Trachurus picturatus,Teleostei,Carangiformes,Carangidae,Trachurus,Blue jack mackerel,FALSE
Caranx suareus,synonym,1279,Trachurus picturatus,Teleostei,Carangiformes,Carangidae,Trachurus,Blue jack mackerel,FALSE
Seriola picturata,synonym,1279,Trachurus picturatus,Teleostei,Carangiformes,Carangidae,Trachurus,Blue jack mackerel,FALSE
Trachurus fallax,synonym,1279,Trachurus picturatus,Teleostei,Carangiformes,Carangidae,Trachurus,Blue jack mackerel,FALSE
Trachurus melanosaurus,synonym,1279,Trachurus picturatus,Teleostei,Carangiformes,Carangidae,Trachurus,Blue jack mackerel,FALSE
Trachurus rissoi,synonym,1279,Trachurus picturatus,Teleostei,Carangiformes,Carangidae,Trachurus,Blue jack mackerel,FALSE
Trachurus suareus,synonym,1279,Trachurus picturatus,Teleostei,Carangiformes,Carangidae,Trachurus,Blue jack mackerel,FALSE
Coryphaena hippurus,accepted name,6,Coryphaena hippurus,Teleostei,Carangiformes,Coryphaenidae,Coryphaena,Common dolphinfish,FALSE
Coriphaena hippurus,synonym,6,Coryphaena hippurus,Teleostei,Carangiformes,Coryphaenidae,Coryphaena,Common dolphinfish,FALSE
Corypaena hippurua,synonym,6,Coryphaena hippurus,Teleostei,Carangiformes,Coryphaenidae,Coryphaena,Common dolphinfish,FALSE
Coryphaena argyrurus,synonym,6,Coryphaena hippurus,Teleostei,Carangiformes,Coryphaenidae,Coryphaena,Common dolphinfish,FALSE
Coryphaena chrysurus,synonym,6,Coryphaena hippurus,Teleostei,Carangiformes,Coryphaenidae,Coryphaena,Common dolphinfish,FALSE
Coryphaena dolfyn,synonym,6,Coryphaena hippurus,Teleostei,Carangiformes,Coryphaenidae,Coryphaena,Common dolphinfish,FALSE
Coryphaena dorado,synonym,6,Coryphaena hippurus,Teleostei,Carangiformes,Coryphaenidae,Coryphaena,Common dolphinfish,FALSE
Coryphaena fasciolata,synonym,6,Coryphaena hippurus,Teleostei,Carangiformes,Coryphaenidae,Coryphaena,Common dolphinfish,FALSE
Coryphaena hipporus,synonym,6,Coryphaena hippurus,Teleostei,Carangiformes,Coryphaenidae,Coryphaena,Common dolphinfish,FALSE
Coryphaena hyppurus,synonym,6,Coryphaena hippurus,Teleostei,Carangiformes,Coryphaenidae,Coryphaena,Common dolphinfish,FALSE
Coryphaena immaculata,synonym,6,Coryphaena hippurus,Teleostei,Carangiformes,Coryphaenidae,Coryphaena,Common dolphinfish,FALSE
Coryphaena imperialis,synonym,6,Coryphaena hippurus,Teleostei,Carangiformes,Coryphaenidae,Coryphaena,Common dolphinfish,FALSE
Coryphaena japonica,synonym,6,Coryphaena hippurus,Teleostei,Carangiformes,Coryphaenidae,Coryphaena,Common dolphinfish,FALSE
Coryphaena margravii,synonym,6,Coryphaena hippurus,Teleostei,Carangiformes,Coryphaenidae,Coryphaena,Common dolphinfish,FALSE
Coryphaena nortoniana,synonym,6,Coryphaena hippurus,Teleostei,Carangiformes,Coryphaenidae,Coryphaena,Common dolphinfish,FALSE
Coryphaena scomberoides,synonym,6,Coryphaena hippurus,Teleostei,Carangiformes,Coryphaenidae,Coryphaena,Common dolphinfish,FALSE
Coryphaena suerii,synonym,6,Coryphaena hippurus,Teleostei,Carangiformes,Coryphaenidae,Coryphaena,Common dolphinfish,FALSE
Coryphaena virgata,synonym,6,Coryphaena hippurus,Teleostei,Carangiformes,Coryphaenidae,Coryphaena,Common dolphinfish,FALSE
Coryphaena vlamingii,synonym,6,Coryphaena hippurus,Teleostei,Carangiformes,Coryphaenidae,Coryphaena,Common dolphinfish,FALSE
Lampugus siculus,synonym,6,Coryphaena hippurus,Teleostei,Carangiformes,Coryphaenidae,Coryphaena,Common dolphinfish,FALSE
Lepimphis hippuroides,synonym,6,Coryphaena hippurus,Teleostei,Carangiformes,Coryphaenidae,Coryphaena,Common dolphinfish,FALSE
Scomber pelagicus,synonym,6,Coryphaena hippurus,Teleostei,Carangiformes,Coryphaenidae,Coryphaena,Common dolphinfish,FALSE
Makaira nigricans,accepted name,216,Makaira nigricans,Teleostei,Carangiformes,Istiophoridae,Makaira,Blue marlin,FALSE
Histiophorus herschelii,synonym,216,Makaira nigricans,Teleostei,Carangiformes,Istiophoridae,Makaira,Blue marlin,FALSE
Maikaira nigricans,synonym,216,Makaira nigricans,Teleostei,Carangiformes,Istiophoridae,Makaira,Blue marlin,FALSE
Makaira ampla,synonym,216,Makaira nigricans,Teleostei,Carangiformes,Istiophoridae,Makaira,Blue marlin,FALSE
Makaira ampla ampla,synonym,216,Makaira nigricans,Teleostei,Carangiformes,Istiophoridae,Makaira,Blue marlin,FALSE
Makaira bermudae,synonym,216,Makaira nigricans,Teleostei,Carangiformes,Istiophoridae,Makaira,Blue marlin,FALSE
Makaira ensis,synonym,216,Makaira nigricans,Teleostei,Carangiformes,Istiophoridae,Makaira,Blue marlin,FALSE
Makaira herschelii,synonym,216,Makaira nigricans,Teleostei,Carangiformes,Istiophoridae,Makaira,Blue marlin,FALSE
Makaira nigricans ampla,synonym,216,Makaira nigricans,Teleostei,Carangiformes,Istiophoridae,Makaira,Blue marlin,FALSE
Makaira nigricans nigricans,synonym,216,Makaira nigricans,Teleostei,Carangiformes,Istiophoridae,Makaira,Blue marlin,FALSE
Makaira perezi,synonym,216,Makaira nigricans,Teleostei,Carangiformes,Istiophoridae,Makaira,Blue marlin,FALSE
Orthocraeros bermudae,synonym,216,Makaira nigricans,Teleostei,Carangiformes,Istiophoridae,Makaira,Blue marlin,FALSE
Tetrapturus amplus,synonym,216,Makaira nigricans,Teleostei,Carangiformes,Istiophoridae,Makaira,Blue marlin,FALSE
Tetrapturus herschelii,synonym,216,Makaira nigricans,Teleostei,Carangiformes,Istiophoridae,Makaira,Blue marlin,FALSE
Xiphias ensis,synonym,216,Makaira nigricans,Teleostei,Carangiformes,Istiophoridae,Makaira,Blue marlin,FALSE
Micropterus salmoides,accepted name,3385,Micropterus salmoides,Teleostei,Centrarchiformes,Centrarchidae,Micropterus,Largemouth black bass,FALSE
Aplites salmoides,synonym,3385,Micropterus salmoides,Teleostei,Centrarchiformes,Centrarchidae,Micropterus,Largemouth black bass,FALSE
Grystes megastoma,synonym,3385,Micropterus salmoides,Teleostei,Centrarchiformes,Centrarchidae,Micropterus,Largemouth black bass,FALSE
Grystes nigricans,synonym,3385,Micropterus salmoides,Teleostei,Centrarchiformes,Centrarchidae,Micropterus,Largemouth black bass,FALSE
Grystes salmoides,synonym,3385,Micropterus salmoides,Teleostei,Centrarchiformes,Centrarchidae,Micropterus,Largemouth black bass,FALSE
Huro nigricans,synonym,3385,Micropterus salmoides,Teleostei,Centrarchiformes,Centrarchidae,Micropterus,Largemouth black bass,FALSE
Huro salmoides,synonym,3385,Micropterus salmoides,Teleostei,Centrarchiformes,Centrarchidae,Micropterus,Largemouth black bass,FALSE
Labrus salmoides,synonym,3385,Micropterus salmoides,Teleostei,Centrarchiformes,Centrarchidae,Micropterus,Largemouth black bass,FALSE
Micropterus salmoides salmoides,synonym,3385,Micropterus salmoides,Teleostei,Centrarchiformes,Centrarchidae,Micropterus,Largemouth black bass,FALSE
Perca nigricans,synonym,3385,Micropterus salmoides,Teleostei,Centrarchiformes,Centrarchidae,Micropterus,Largemouth black bass,FALSE
Catostomus commersonii,accepted name,2965,Catostomus commersonii,Teleostei,Cypriniformes,Catostomidae,Catostomus,White sucker,FALSE
Catostomus bostoniensis,synonym,2965,Catostomus commersonii,Teleostei,Cypriniformes,Catostomidae,Catostomus,White sucker,FALSE
Catostomus commersoni,synonym,2965,Catostomus commersonii,Teleostei,Cypriniformes,Catostomidae,Catostomus,White sucker,FALSE
Catostomus commersonii commersonii,synonym,2965,Catostomus commersonii,Teleostei,Cypriniformes,Catostomidae,Catostomus,White sucker,FALSE
Catostomus commersonnii,synonym,2965,Catostomus commersonii,Teleostei,Cypriniformes,Catostomidae,Catostomus,White sucker,FALSE
Catostomus commersonnii commersonnii,synonym,2965,Catostomus commersonii,Teleostei,Cypriniformes,Catostomidae,Catostomus,White sucker,FALSE
Catostomus richardsoni,synonym,2965,Catostomus commersonii,Teleostei,Cypriniformes,Catostomidae,Catostomus,White sucker,FALSE
Catostomus teres,synonym,2965,Catostomus commersonii,Teleostei,Cypriniformes,Catostomidae,Catostomus,White sucker,FALSE
Cyprinus commersonnii,synonym,2965,Catostomus commersonii,Teleostei,Cypriniformes,Catostomidae,Catostomus,White sucker,FALSE
Cyprinus teres,synonym,2965,Catostomus commersonii,Teleostei,Cypriniformes,Catostomidae,Catostomus,White sucker,FALSE
Ctenopharyngodon idella,accepted name,79,Ctenopharyngodon idella,Teleostei,Cypriniformes,Xenocyprididae,Ctenopharyngodon,Grass carp,TRUE
Ctenopharingodon idella,synonym,79,Ctenopharyngodon idella,Teleostei,Cypriniformes,Xenocyprididae,Ctenopharyngodon,Grass carp,TRUE
Ctenopharingodon idellus,synonym,79,Ctenopharyngodon idella,Teleostei,Cypriniformes,Xenocyprididae,Ctenopharyngodon,Grass carp,TRUE
Ctenopharygodon idella,synonym,79,Ctenopharyngodon idella,Teleostei,Cypriniformes,Xenocyprididae,Ctenopharyngodon,Grass carp,TRUE
Ctenopharyngodon idellos,synonym,79,Ctenopharyngodon idella,Teleostei,Cypriniformes,Xenocyprididae,Ctenopharyngodon,Grass carp,TRUE
Ctenopharyngodon idellus,synonym,79,Ctenopharyngodon idella,Teleostei,Cypriniformes,Xenocyprididae,Ctenopharyngodon,Grass carp,TRUE
Ctenopharyngodon laticeps,synonym,79,Ctenopharyngodon idella,Teleostei,Cypriniformes,Xenocyprididae,Ctenopharyngodon,Grass carp,TRUE
Leuciscus idella,synonym,79,Ctenopharyngodon idella,Teleostei,Cypriniformes,Xenocyprididae,Ctenopharyngodon,Grass carp,TRUE
Leuciscus idellus,synonym,79,Ctenopharyngodon idella,Teleostei,Cypriniformes,Xenocyprididae,Ctenopharyngodon,Grass carp,TRUE
Leuciscus tschiliensis,synonym,79,Ctenopharyngodon idella,Teleostei,Cypriniformes,Xenocyprididae,Ctenopharyngodon,Grass carp,TRUE
Pristiodon siemionovii,synonym,79,Ctenopharyngodon idella,Teleostei,Cypriniformes,Xenocyprididae,Ctenopharyngodon,Grass carp,TRUE
Sarcocheilichthys teretiusculus,synonym,79,Ctenopharyngodon idella,Teleostei,Cypriniformes,Xenocyprididae,Ctenopharyngodon,Grass carp,TRUE
Diplodus cervinus,accepted name,2497,Diplodus cervinus,Teleostei,Eupercaria/misc,Sparidae,Diplodus,Zebra seabream,FALSE
Charax cervinus,synonym,2497,Diplodus cervinus,Teleostei,Eupercaria/misc,Sparidae,Diplodus,Zebra seabream,FALSE
Diplodus cervinus cervinus,synonym,2497,Diplodus cervinus,Teleostei,Eupercaria/misc,Sparidae,Diplodus,Zebra seabream,FALSE
Diplodus trifasciatus,synonym,2497,Diplodus cervinus,Teleostei,Eupercaria/misc,Sparidae,Diplodus,Zebra seabream,FALSE
Sargus cervinus,synonym,2497,Diplodus cervinus,Teleostei,Eupercaria/misc,Sparidae,Diplodus,Zebra seabream,FALSE
Sargus trifasciatus,synonym,2497,Diplodus cervinus,Teleostei,Eupercaria/misc,Sparidae,Diplodus,Zebra seabream,FALSE
Sparus trifasciatus,synonym,2497,Diplodus cervinus,Teleostei,Eupercaria/misc,Sparidae,Diplodus,Zebra seabream,FALSE
Diplodus sargus,accepted name,1753,Diplodus sargus,Teleostei,Eupercaria/misc,Sparidae,Diplodus,White seabream,FALSE
Diplodus sargus sargus,synonym,1753,Diplodus sargus,Teleostei,Eupercaria/misc,Sparidae,Diplodus,White seabream,FALSE
Sargus raucus,synonym,1753,Diplodus sargus,Teleostei,Eupercaria/misc,Sparidae,Diplodus,White seabream,FALSE
Sargus rondeletii,synonym,1753,Diplodus sargus,Teleostei,Eupercaria/misc,Sparidae,Diplodus,White seabream,FALSE
Sargus rondelettii,synonym,1753,Diplodus sargus,Teleostei,Eupercaria/misc,Sparidae,Diplodus,White seabream,FALSE
Sargus vetula,synonym,1753,Diplodus sargus,Teleostei,Eupercaria/misc,Sparidae,Diplodus,White seabream,FALSE
Sparus cinctus,synonym,1753,Diplodus sargus,Teleostei,Eupercaria/misc,Sparidae,Diplodus,White seabream,FALSE
Sparus sargus,synonym,1753,Diplodus sargus,Teleostei,Eupercaria/misc,Sparidae,Diplodus,White seabream,FALSE
Sparus varatulus,synonym,1753,Diplodus sargus,Teleostei,Eupercaria/misc,Sparidae,Diplodus,White seabream,FALSE
Boreogadus saida,accepted name,319,Boreogadus saida,Teleostei,Gadiformes,Gadidae,Boreogadus,Polar cod,FALSE
Boreogadus polaris,synonym,319,Boreogadus saida,Teleostei,Gadiformes,Gadidae,Boreogadus,Polar cod,FALSE
Gadus agilis,synonym,319,Boreogadus saida,Teleostei,Gadiformes,Gadidae,Boreogadus,Polar cod,FALSE
Gadus fabricii,synonym,319,Boreogadus saida,Teleostei,Gadiformes,Gadidae,Boreogadus,Polar cod,FALSE
Gadus saida,synonym,319,Boreogadus saida,Teleostei,Gadiformes,Gadidae,Boreogadus,Polar cod,FALSE
Merlangus polaris,synonym,319,Boreogadus saida,Teleostei,Gadiformes,Gadidae,Boreogadus,Polar cod,FALSE
Pollachius polaris,synonym,319,Boreogadus saida,Teleostei,Gadiformes,Gadidae,Boreogadus,Polar cod,FALSE
Eleginus nawaga,accepted name,314,Eleginus nawaga,Teleostei,Gadiformes,Gadidae,Eleginus,Navaga,FALSE
Eleginus navaga,synonym,314,Eleginus nawaga,Teleostei,Gadiformes,Gadidae,Eleginus,Navaga,FALSE
Eleginus navaga karaensis,synonym,314,Eleginus nawaga,Teleostei,Gadiformes,Gadidae,Eleginus,Navaga,FALSE
Eleginus navaga navaga,synonym,314,Eleginus nawaga,Teleostei,Gadiformes,Gadidae,Eleginus,Navaga,FALSE
Eleginus nawaga karaensis,synonym,314,Eleginus nawaga,Teleostei,Gadiformes,Gadidae,Eleginus,Navaga,FALSE
Gadus callarias nawaga,synonym,314,Eleginus nawaga,Teleostei,Gadiformes,Gadidae,Eleginus,Navaga,FALSE
Gadus navaga,synonym,314,Eleginus nawaga,Teleostei,Gadiformes,Gadidae,Eleginus,Navaga,FALSE
Gadus nawaga,synonym,314,Eleginus nawaga,Teleostei,Gadiformes,Gadidae,Eleginus,Navaga,FALSE
Lepadogaster lepadogaster,accepted name,643,Lepadogaster lepadogaster,Teleostei,Gobiesociformes,Gobiesocidae,Lepadogaster,Shore clingfish,FALSE
Cyclopterus lepadogaster,synonym,643,Lepadogaster lepadogaster,Teleostei,Gobiesociformes,Gobiesocidae,Lepadogaster,Shore clingfish,FALSE
Cyclopterus lepodogaster,synonym,643,Lepadogaster lepadogaster,Teleostei,Gobiesociformes,Gobiesocidae,Lepadogaster,Shore clingfish,FALSE
Lepadogaster acutus,synonym,643,Lepadogaster lepadogaster,Teleostei,Gobiesociformes,Gobiesocidae,Lepadogaster,Shore clingfish,FALSE
Lepadogaster adriatica,synonym,643,Lepadogaster lepadogaster,Teleostei,Gobiesociformes,Gobiesocidae,Lepadogaster,Shore clingfish,FALSE
Lepadogaster balbis,synonym,643,Lepadogaster lepadogaster,Teleostei,Gobiesociformes,Gobiesocidae,Lepadogaster,Shore clingfish,FALSE
Lepadogaster biciliatus,synonym,643,Lepadogaster lepadogaster,Teleostei,Gobiesociformes,Gobiesocidae,Lepadogaster,Shore clingfish,FALSE
Lepadogaster brownii,synonym,643,Lepadogaster lepadogaster,Teleostei,Gobiesociformes,Gobiesocidae,Lepadogaster,Shore clingfish,FALSE
Lepadogaster ciliatus,synonym,643,Lepadogaster lepadogaster,Teleostei,Gobiesociformes,Gobiesocidae,Lepadogaster,Shore clingfish,FALSE
Lepadogaster gouanii,synonym,643,Lepadogaster lepadogaster,Teleostei,Gobiesociformes,Gobiesocidae,Lepadogaster,Shore clingfish,FALSE
Lepadogaster lepadogaster lepadogaster,synonym,643,Lepadogaster lepadogaster,Teleostei,Gobiesociformes,Gobiesocidae,Lepadogaster,Shore clingfish,FALSE
Lepadogaster natator,synonym,643,Lepadogaster lepadogaster,Teleostei,Gobiesociformes,Gobiesocidae,Lepadogaster,Shore clingfish,FALSE
Lepadogaster zebrina,synonym,643,Lepadogaster lepadogaster,Teleostei,Gobiesociformes,Gobiesocidae,Lepadogaster,Shore clingfish,FALSE
Lepadogaster zebrinus,synonym,643,Lepadogaster lepadogaster,Teleostei,Gobiesociformes,Gobiesocidae,Lepadogaster,Shore clingfish,FALSE
Piecephalus adherens,synonym,643,Lepadogaster lepadogaster,Teleostei,Gobiesociformes,Gobiesocidae,Lepadogaster,Shore clingfish,FALSE
Piescephalus adherens,synonym,643,Lepadogaster lepadogaster,Teleostei,Gobiesociformes,Gobiesocidae,Lepadogaster,Shore clingfish,FALSE
Gobius auratus,accepted name,4902,Gobius auratus,Teleostei,Gobiiformes,Gobiidae,Gobius,Golden goby,FALSE
Eleotris auratus,synonym,4902,Gobius auratus,Teleostei,Gobiiformes,Gobiidae,Gobius,Golden goby,FALSE
Gobius auratus luteus,synonym,4902,Gobius auratus,Teleostei,Gobiiformes,Gobiidae,Gobius,Golden goby,FALSE
Gobius luteus,synonym,4902,Gobius auratus,Teleostei,Gobiiformes,Gobiidae,Gobius,Golden goby,FALSE
Gobius paganellus auratus,synonym,4902,Gobius auratus,Teleostei,Gobiiformes,Gobiidae,Gobius,Golden goby,FALSE
Pomatoschistus marmoratus,accepted name,9191,Pomatoschistus marmoratus,Teleostei,Gobiiformes,Gobiidae,Pomatoschistus,Marbled goby,FALSE
Atherina marmorata,synonym,9191,Pomatoschistus marmoratus,Teleostei,Gobiiformes,Gobiidae,Pomatoschistus,Marbled goby,FALSE
Gobius ferrugineus,synonym,9191,Pomatoschistus marmoratus,Teleostei,Gobiiformes,Gobiidae,Pomatoschistus,Marbled goby,FALSE
Gobius leopardinus,synonym,9191,Pomatoschistus marmoratus,Teleostei,Gobiiformes,Gobiidae,Pomatoschistus,Marbled goby,FALSE
Gobius marmoratus,synonym,9191,Pomatoschistus marmoratus,Teleostei,Gobiiformes,Gobiidae,Pomatoschistus,Marbled goby,FALSE
Gobius reticulatus,synonym,9191,Pomatoschistus marmoratus,Teleostei,Gobiiformes,Gobiidae,Pomatoschistus,Marbled goby,FALSE
Pomatoschistus microps leopardinus,synonym,9191,Pomatoschistus marmoratus,Teleostei,Gobiiformes,Gobiidae,Pomatoschistus,Marbled goby,FALSE
Syrrhothonus charrieri,synonym,9191,Pomatoschistus marmoratus,Teleostei,Gobiiformes,Gobiidae,Pomatoschistus,Marbled goby,FALSE
Holocentrus adscensionis,accepted name,1061,Holocentrus adscensionis,Teleostei,Holocentriformes,Holocentridae,Holocentrus,Squirrelfish,FALSE
Holocentrum furcatum,synonym,1061,Holocentrus adscensionis,Teleostei,Holocentriformes,Holocentridae,Holocentrus,Squirrelfish,FALSE
Holocentrum longipinne,synonym,1061,Holocentrus adscensionis,Teleostei,Holocentriformes,Holocentridae,Holocentrus,Squirrelfish,FALSE
Holocentrum macropus,synonym,1061,Holocentrus adscensionis,Teleostei,Holocentriformes,Holocentridae,Holocentrus,Squirrelfish,FALSE
Holocentrum sanctipauli,synonym,1061,Holocentrus adscensionis,Teleostei,Holocentriformes,Holocentridae,Holocentrus,Squirrelfish,FALSE
Holocentrus ascensionis,synonym,1061,Holocentrus adscensionis,Teleostei,Holocentriformes,Holocentridae,Holocentrus,Squirrelfish,FALSE
Holocentrus longipinne,synonym,1061,Holocentrus adscensionis,Teleostei,Holocentriformes,Holocentridae,Holocentrus,Squirrelfish,FALSE
Holocentrus sogo,synonym,1061,Holocentrus adscensionis,Teleostei,Holocentriformes,Holocentridae,Holocentrus,Squirrelfish,FALSE
Perca adscensionis,synonym,1061,Holocentrus adscensionis,Teleostei,Holocentriformes,Holocentridae,Holocentrus,Squirrelfish,FALSE
Sargocentron furcatum,synonym,1061,Holocentrus adscensionis,Teleostei,Holocentriformes,Holocentridae,Holocentrus,Squirrelfish,FALSE
Mallotus villosus,accepted name,252,Mallotus villosus,Teleostei,Osmeriformes,Osmeridae,Mallotus,Capelin,FALSE
Clupea villosa,synonym,252,Mallotus villosus,Teleostei,Osmeriformes,Osmeridae,Mallotus,Capelin,FALSE
Mallotus catervarius,synonym,252,Mallotus villosus,Teleostei,Osmeriformes,Osmeridae,Mallotus,Capelin,FALSE
Mallotus villosus catervarius,synonym,252,Mallotus villosus,Teleostei,Osmeriformes,Osmeridae,Mallotus,Capelin,FALSE
Mallotus villosus socialis,synonym,252,Mallotus villosus,Teleostei,Osmeriformes,Osmeridae,Mallotus,Capelin,FALSE
Salmo catervarius,synonym,252,Mallotus villosus,Teleostei,Osmeriformes,Osmeridae,Mallotus,Capelin,FALSE
Salmo socialis,synonym,252,Mallotus villosus,Teleostei,Osmeriformes,Osmeridae,Mallotus,Capelin,FALSE
Leptagonus decagonus,accepted name,4154,Leptagonus decagonus,Teleostei,Perciformes/Cottoidei,Agonidae,Leptagonus,Atlantic poacher,FALSE
Agonus decagonus,synonym,4154,Leptagonus decagonus,Teleostei,Perciformes/Cottoidei,Agonidae,Leptagonus,Atlantic poacher,FALSE
Aspidophorus malarmoides,synonym,4154,Leptagonus decagonus,Teleostei,Perciformes/Cottoidei,Agonidae,Leptagonus,Atlantic poacher,FALSE
Aspidophorus spinosissimus,synonym,4154,Leptagonus decagonus,Teleostei,Perciformes/Cottoidei,Agonidae,Leptagonus,Atlantic poacher,FALSE
Leptagonus decagonus pacificus,synonym,4154,Leptagonus decagonus,Teleostei,Perciformes/Cottoidei,Agonidae,Leptagonus,Atlantic poacher,FALSE
Myoxocephalus quadricornis,accepted name,4122,Myoxocephalus quadricornis,Teleostei,Perciformes/Cottoidei,Cottidae,Myoxocephalus,Fourhorn sculpin,FALSE
Cottus hexacornis,synonym,4122,Myoxocephalus quadricornis,Teleostei,Perciformes/Cottoidei,Cottidae,Myoxocephalus,Fourhorn sculpin,FALSE
Cottus latifrons,synonym,4122,Myoxocephalus quadricornis,Teleostei,Perciformes/Cottoidei,Cottidae,Myoxocephalus,Fourhorn sculpin,FALSE
Cottus quadricornis,synonym,4122,Myoxocephalus quadricornis,Teleostei,Perciformes/Cottoidei,Cottidae,Myoxocephalus,Fourhorn sculpin,FALSE
Cottus quadricornis asundensis,synonym,4122,Myoxocephalus quadricornis,Teleostei,Perciformes/Cottoidei,Cottidae,Myoxocephalus,Fourhorn sculpin,FALSE
Cottus quadricornis borkensis,synonym,4122,Myoxocephalus quadricornis,Teleostei,Perciformes/Cottoidei,Cottidae,Myoxocephalus,Fourhorn sculpin,FALSE
Cottus quadricornis frykenensis,synonym,4122,Myoxocephalus quadricornis,Teleostei,Perciformes/Cottoidei,Cottidae,Myoxocephalus,Fourhorn sculpin,FALSE
Cottus quadricornis kallavesensis,synonym,4122,Myoxocephalus quadricornis,Teleostei,Perciformes/Cottoidei,Cottidae,Myoxocephalus,Fourhorn sculpin,FALSE
Cottus quadricornis lonnbergi,synonym,4122,Myoxocephalus quadricornis,Teleostei,Perciformes/Cottoidei,Cottidae,Myoxocephalus,Fourhorn sculpin,FALSE
Cottus quadricornis oernensis,synonym,4122,Myoxocephalus quadricornis,Teleostei,Perciformes/Cottoidei,Cottidae,Myoxocephalus,Fourhorn sculpin,FALSE
Cottus quadricornis pygmaeus,synonym,4122,Myoxocephalus quadricornis,Teleostei,Perciformes/Cottoidei,Cottidae,Myoxocephalus,Fourhorn sculpin,FALSE
Cottus quadricornis relicta,synonym,4122,Myoxocephalus quadricornis,Teleostei,Perciformes/Cottoidei,Cottidae,Myoxocephalus,Fourhorn sculpin,FALSE
Cottus quadricornis vaenernensis,synonym,4122,Myoxocephalus quadricornis,Teleostei,Perciformes/Cottoidei,Cottidae,Myoxocephalus,Fourhorn sculpin,FALSE
Cottus quadricornis vermelnensis,synonym,4122,Myoxocephalus quadricornis,Teleostei,Perciformes/Cottoidei,Cottidae,Myoxocephalus,Fourhorn sculpin,FALSE
Myoxocephalus quadricornis hexacornis,synonym,4122,Myoxocephalus quadricornis,Teleostei,Perciformes/Cottoidei,Cottidae,Myoxocephalus,Fourhorn sculpin,FALSE
Myoxocephalus quadricornis lonnbergi,synonym,4122,Myoxocephalus quadricornis,Teleostei,Perciformes/Cottoidei,Cottidae,Myoxocephalus,Fourhorn sculpin,FALSE
Myoxocephalus quadricornis onegensis,synonym,4122,Myoxocephalus quadricornis,Teleostei,Perciformes/Cottoidei,Cottidae,Myoxocephalus,Fourhorn sculpin,FALSE
Myoxocephalus quadricornis quadricornis,synonym,4122,Myoxocephalus quadricornis,Teleostei,Perciformes/Cottoidei,Cottidae,Myoxocephalus,Fourhorn sculpin,FALSE
Myoxocephalus quadricornis relicta,synonym,4122,Myoxocephalus quadricornis,Teleostei,Perciformes/Cottoidei,Cottidae,Myoxocephalus,Fourhorn sculpin,FALSE
Oncocottus hexacornis,synonym,4122,Myoxocephalus quadricornis,Teleostei,Perciformes/Cottoidei,Cottidae,Myoxocephalus,Fourhorn sculpin,FALSE
Oncocottus quadricornis,synonym,4122,Myoxocephalus quadricornis,Teleostei,Perciformes/Cottoidei,Cottidae,Myoxocephalus,Fourhorn sculpin,FALSE
Onocottus hexacornis,synonym,4122,Myoxocephalus quadricornis,Teleostei,Perciformes/Cottoidei,Cottidae,Myoxocephalus,Fourhorn sculpin,FALSE
Triglops quadricornis,synonym,4122,Myoxocephalus quadricornis,Teleostei,Perciformes/Cottoidei,Cottidae,Myoxocephalus,Fourhorn sculpin,FALSE
Triglopsis quadricornis,synonym,4122,Myoxocephalus quadricornis,Teleostei,Perciformes/Cottoidei,Cottidae,Myoxocephalus,Fourhorn sculpin,FALSE
Triglopsis quadricornis quadricorniis,synonym,4122,Myoxocephalus quadricornis,Teleostei,Perciformes/Cottoidei,Cottidae,Myoxocephalus,Fourhorn sculpin,FALSE
Triglops pingelii,accepted name,4148,Triglops pingelii,Teleostei,Perciformes/Cottoidei,Cottidae,Triglops,Ribbed sculpin,FALSE
Triglops beani,synonym,4148,Triglops pingelii,Teleostei,Perciformes/Cottoidei,Cottidae,Triglops,Ribbed sculpin,FALSE
Triglops pacificus,synonym,4148,Triglops pingelii,Teleostei,Perciformes/Cottoidei,Cottidae,Triglops,Ribbed sculpin,FALSE
Triglops pingeli,synonym,4148,Triglops pingelii,Teleostei,Perciformes/Cottoidei,Cottidae,Triglops,Ribbed sculpin,FALSE
Triglops pingeli pingeli,synonym,4148,Triglops pingelii,Teleostei,Perciformes/Cottoidei,Cottidae,Triglops,Ribbed sculpin,FALSE
Triglops pingelii beani,synonym,4148,Triglops pingelii,Teleostei,Perciformes/Cottoidei,Cottidae,Triglops,Ribbed sculpin,FALSE
Triglops pingelii pacificus,synonym,4148,Triglops pingelii,Teleostei,Perciformes/Cottoidei,Cottidae,Triglops,Ribbed sculpin,FALSE
Triglops pingelii pingelii,synonym,4148,Triglops pingelii,Teleostei,Perciformes/Cottoidei,Cottidae,Triglops,Ribbed sculpin,FALSE
Triglops pingelii typicus,synonym,4148,Triglops pingelii,Teleostei,Perciformes/Cottoidei,Cottidae,Triglops,Ribbed sculpin,FALSE
Triglops pingelli,synonym,4148,Triglops pingelii,Teleostei,Perciformes/Cottoidei,Cottidae,Triglops,Ribbed sculpin,FALSE
Triglops pleurostictus,synonym,4148,Triglops pingelii,Teleostei,Perciformes/Cottoidei,Cottidae,Triglops,Ribbed sculpin,FALSE
Epinephelus marginatus,accepted name,6470,Epinephelus marginatus,Teleostei,Perciformes/Serranoidei,Epinephelidae,Epinephelus,Dusky grouper,FALSE
Cerna gigas,synonym,6470,Epinephelus marginatus,Teleostei,Perciformes/Serranoidei,Epinephelidae,Epinephelus,Dusky grouper,FALSE
Cernua gigas,synonym,6470,Epinephelus marginatus,Teleostei,Perciformes/Serranoidei,Epinephelidae,Epinephelus,Dusky grouper,FALSE
Epinephelus brachysoma,synonym,6470,Epinephelus marginatus,Teleostei,Perciformes/Serranoidei,Epinephelidae,Epinephelus,Dusky grouper,FALSE
Epinephelus gigas,synonym,6470,Epinephelus marginatus,Teleostei,Perciformes/Serranoidei,Epinephelidae,Epinephelus,Dusky grouper,FALSE
Holocentrus gigas,synonym,6470,Epinephelus marginatus,Teleostei,Perciformes/Serranoidei,Epinephelidae,Epinephelus,Dusky grouper,FALSE
Perca gigas,synonym,6470,Epinephelus marginatus,Teleostei,Perciformes/Serranoidei,Epinephelidae,Epinephelus,Dusky grouper,FALSE
Serranus cernioides,synonym,6470,Epinephelus marginatus,Teleostei,Perciformes/Serranoidei,Epinephelidae,Epinephelus,Dusky grouper,FALSE
Serranus fimbriatus,synonym,6470,Epinephelus marginatus,Teleostei,Perciformes/Serranoidei,Epinephelidae,Epinephelus,Dusky grouper,FALSE
Serranus gigas,synonym,6470,Epinephelus marginatus,Teleostei,Perciformes/Serranoidei,Epinephelidae,Epinephelus,Dusky grouper,FALSE
Serranus marginatus,synonym,6470,Epinephelus marginatus,Teleostei,Perciformes/Serranoidei,Epinephelidae,Epinephelus,Dusky grouper,FALSE
Oncorhynchus kisutch,accepted name,245,Oncorhynchus kisutch,Teleostei,Salmoniformes,Salmonidae,Oncorhynchus,Coho salmon,FALSE
Oncorhynchus kisatch,synonym,245,Oncorhynchus kisutch,Teleostei,Salmoniformes,Salmonidae,Oncorhynchus,Coho salmon,FALSE
Oncorhynchus kisutsh,synonym,245,Oncorhynchus kisutch,Teleostei,Salmoniformes,Salmonidae,Oncorhynchus,Coho salmon,FALSE
Oncorhynchus milktschutsch,synonym,245,Oncorhynchus kisutch,Teleostei,Salmoniformes,Salmonidae,Oncorhynchus,Coho salmon,FALSE
Salmo hisatch,synonym,245,Oncorhynchus kisutch,Teleostei,Salmoniformes,Salmonidae,Oncorhynchus,Coho salmon,FALSE
Salmo hisutch,synonym,245,Oncorhynchus kisutch,Teleostei,Salmoniformes,Salmonidae,Oncorhynchus,Coho salmon,FALSE
Salmo kisatch,synonym,245,Oncorhynchus kisutch,Teleostei,Salmoniformes,Salmonidae,Oncorhynchus,Coho salmon,FALSE
Salmo kisutch,synonym,245,Oncorhynchus kisutch,Teleostei,Salmoniformes,Salmonidae,Oncorhynchus,Coho salmon,FALSE
Salmo milktschutsch,synonym,245,Oncorhynchus kisutch,Teleostei,Salmoniformes,Salmonidae,Oncorhynchus,Coho salmon,FALSE
Salmo tsuppitch,synonym,245,Oncorhynchus kisutch,Teleostei,Salmoniformes,Salmonidae,Oncorhynchus,Coho salmon,FALSE
Schedophilus ovalis,accepted name,250,Schedophilus ovalis,Teleostei,Scombriformes,Centrolophidae,Schedophilus,Imperial blackfish,FALSE
Centrolophus corcyrensis,synonym,250,Schedophilus ovalis,Teleostei,Scombriformes,Centrolophidae,Schedophilus,Imperial blackfish,FALSE
Centrolophus crassus,synonym,250,Schedophilus ovalis,Teleostei,Scombriformes,Centrolophidae,Schedophilus,Imperial blackfish,FALSE
Centrolophus ovalis,synonym,250,Schedophilus ovalis,Teleostei,Scombriformes,Centrolophidae,Schedophilus,Imperial blackfish,FALSE
Centrolophus porosissimus,synonym,250,Schedophilus ovalis,Teleostei,Scombriformes,Centrolophidae,Schedophilus,Imperial blackfish,FALSE
Centrolophus rotundicauda,synonym,250,Schedophilus ovalis,Teleostei,Scombriformes,Centrolophidae,Schedophilus,Imperial blackfish,FALSE
Crius berthelotii,synonym,250,Schedophilus ovalis,Teleostei,Scombriformes,Centrolophidae,Schedophilus,Imperial blackfish,FALSE
Eucrotus ventralis,synonym,250,Schedophilus ovalis,Teleostei,Scombriformes,Centrolophidae,Schedophilus,Imperial blackfish,FALSE
Leirus bennettii,synonym,250,Schedophilus ovalis,Teleostei,Scombriformes,Centrolophidae,Schedophilus,Imperial blackfish,FALSE
Mupus imperialis,synonym,250,Schedophilus ovalis,Teleostei,Scombriformes,Centrolophidae,Schedophilus,Imperial blackfish,FALSE
Mupus ovalis,synonym,250,Schedophilus ovalis,Teleostei,Scombriformes,Centrolophidae,Schedophilus,Imperial blackfish,FALSE
Schedophilus botteri,synonym,250,Schedophilus ovalis,Teleostei,Scombriformes,Centrolophidae,Schedophilus,Imperial blackfish,FALSE
Pomatomus saltatrix,accepted name,364,Pomatomus saltatrix,Teleostei,Scombriformes,Pomatomidae,Pomatomus,Bluefish,FALSE
Cheilodipterus heptacanthus,synonym,364,Pomatomus saltatrix,Teleostei,Scombriformes,Pomatomidae,Pomatomus,Bluefish,FALSE
Cheilodipterus saltatrix,synonym,364,Pomatomus saltatrix,Teleostei,Scombriformes,Pomatomidae,Pomatomus,Bluefish,FALSE
Chromis epicurorum,synonym,364,Pomatomus saltatrix,Teleostei,Scombriformes,Pomatomidae,Pomatomus,Bluefish,FALSE
Gasterosteus saltatrix,synonym,364,Pomatomus saltatrix,Teleostei,Scombriformes,Pomatomidae,Pomatomus,Bluefish,FALSE
Gonenion serra,synonym,364,Pomatomus saltatrix,Teleostei,Scombriformes,Pomatomidae,Pomatomus,Bluefish,FALSE
Lopharis mediterraneus,synonym,364,Pomatomus saltatrix,Teleostei,Scombriformes,Pomatomidae,Pomatomus,Bluefish,FALSE
Perca lophar,synonym,364,Pomatomus saltatrix,Teleostei,Scombriformes,Pomatomidae,Pomatomus,Bluefish,FALSE
Pomatomix saltatrix,synonym,364,Pomatomus saltatrix,Teleostei,Scombriformes,Pomatomidae,Pomatomus,Bluefish,FALSE
Pomatomus pedica,synonym,364,Pomatomus saltatrix,Teleostei,Scombriformes,Pomatomidae,Pomatomus,Bluefish,FALSE
Pomatomus saltator,synonym,364,Pomatomus saltatrix,Teleostei,Scombriformes,Pomatomidae,Pomatomus,Bluefish,FALSE
Pomatomus skib,synonym,364,Pomatomus saltatrix,Teleostei,Scombriformes,Pomatomidae,Pomatomus,Bluefish,FALSE
Scomber sypterus,synonym,364,Pomatomus saltatrix,Teleostei,Scombriformes,Pomatomidae,Pomatomus,Bluefish,FALSE
Scomer sypterus,synonym,364,Pomatomus saltatrix,Teleostei,Scombriformes,Pomatomidae,Pomatomus,Bluefish,FALSE
Sparactodon nalnal,synonym,364,Pomatomus saltatrix,Teleostei,Scombriformes,Pomatomidae,Pomatomus,Bluefish,FALSE
Sypterus pallasii,synonym,364,Pomatomus saltatrix,Teleostei,Scombriformes,Pomatomidae,Pomatomus,Bluefish,FALSE
Temnodon conidens,synonym,364,Pomatomus saltatrix,Teleostei,Scombriformes,Pomatomidae,Pomatomus,Bluefish,FALSE
Temnodon saltator,synonym,364,Pomatomus saltatrix,Teleostei,Scombriformes,Pomatomidae,Pomatomus,Bluefish,FALSE
Temnodon tubulus,synonym,364,Pomatomus saltatrix,Teleostei,Scombriformes,Pomatomidae,Pomatomus,Bluefish,FALSE
Scomber colias,accepted name,54736,Scomber colias,Teleostei,Scombriformes,Scombridae,Scomber,Atlantic chub mackerel,FALSE
Pneumatophorus colias,synonym,54736,Scomber colias,Teleostei,Scombriformes,Scombridae,Scomber,Atlantic chub mackerel,FALSE
Scomber dekayi,synonym,54736,Scomber colias,Teleostei,Scombriformes,Scombridae,Scomber,Atlantic chub mackerel,FALSE
Scomber gracilis,synonym,54736,Scomber colias,Teleostei,Scombriformes,Scombridae,Scomber,Atlantic chub mackerel,FALSE
Scomber grex,synonym,54736,Scomber colias,Teleostei,Scombriformes,Scombridae,Scomber,Atlantic chub mackerel,FALSE
Scomber japonicus colias,synonym,54736,Scomber colias,Teleostei,Scombriformes,Scombridae,Scomber,Atlantic chub mackerel,FALSE
Scomber macrophthalmus,synonym,54736,Scomber colias,Teleostei,Scombriformes,Scombridae,Scomber,Atlantic chub mackerel,FALSE
Scomber pneumatophorus,synonym,54736,Scomber colias,Teleostei,Scombriformes,Scombridae,Scomber,Atlantic chub mackerel,FALSE
Scomber scomber lacertus,synonym,54736,Scomber colias,Teleostei,Scombriformes,Scombridae,Scomber,Atlantic chub mackerel,FALSE
Scomber undulatus,synonym,54736,Scomber colias,Teleostei,Scombriformes,Scombridae,Scomber,Atlantic chub mackerel,FALSE
Thunnus obesus,accepted name,146,Thunnus obesus,Teleostei,Scombriformes,Scombridae,Thunnus,Bigeye tuna,FALSE
Germo obesus,synonym,146,Thunnus obesus,Teleostei,Scombriformes,Scombridae,Thunnus,Bigeye tuna,FALSE
Germo sibi,synonym,146,Thunnus obesus,Teleostei,Scombriformes,Scombridae,Thunnus,Bigeye tuna,FALSE
Neothunnus obesus,synonym,146,Thunnus obesus,Teleostei,Scombriformes,Scombridae,Thunnus,Bigeye tuna,FALSE
Orcynus sibi,synonym,146,Thunnus obesus,Teleostei,Scombriformes,Scombridae,Thunnus,Bigeye tuna,FALSE
Parathunnus mebachi,synonym,146,Thunnus obesus,Teleostei,Scombriformes,Scombridae,Thunnus,Bigeye tuna,FALSE
Parathunnus obesus,synonym,146,Thunnus obesus,Teleostei,Scombriformes,Scombridae,Thunnus,Bigeye tuna,FALSE
Parathunnus obesus mebachi,synonym,146,Thunnus obesus,Teleostei,Scombriformes,Scombridae,Thunnus,Bigeye tuna,FALSE
Parathunnus sibi,synonym,146,Thunnus obesus,Teleostei,Scombriformes,Scombridae,Thunnus,Bigeye tuna,FALSE
Thunnus abesus,synonym,146,Thunnus obesus,Teleostei,Scombriformes,Scombridae,Thunnus,Bigeye tuna,FALSE
Thunnus mebachi,synonym,146,Thunnus obesus,Teleostei,Scombriformes,Scombridae,Thunnus,Bigeye tuna,FALSE
Thunnus obesus mebachi,synonym,146,Thunnus obesus,Teleostei,Scombriformes,Scombridae,Thunnus,Bigeye tuna,FALSE
Thunnus obesus sibi,synonym,146,Thunnus obesus,Teleostei,Scombriformes,Scombridae,Thunnus,Bigeye tuna,FALSE
Thunnus sibi,synonym,146,Thunnus obesus,Teleostei,Scombriformes,Scombridae,Thunnus,Bigeye tuna,FALSE
Thunus obesus,synonym,146,Thunnus obesus,Teleostei,Scombriformes,Scombridae,Thunnus,Bigeye tuna,FALSE
Thynnus obesus,synonym,146,Thunnus obesus,Teleostei,Scombriformes,Scombridae,Thunnus,Bigeye tuna,FALSE
Thynnus sibi,synonym,146,Thunnus obesus,Teleostei,Scombriformes,Scombridae,Thunnus,Bigeye tuna,FALSE
Benthodesmus elongatus,accepted name,3909,Benthodesmus elongatus,Teleostei,Scombriformes,Trichiuridae,Benthodesmus,Elongate frostfish,FALSE
Benthodesmus elongatus elongatus,synonym,3909,Benthodesmus elongatus,Teleostei,Scombriformes,Trichiuridae,Benthodesmus,Elongate frostfish,FALSE
Lepidopus elongatus,synonym,3909,Benthodesmus elongatus,Teleostei,Scombriformes,Trichiuridae,Benthodesmus,Elongate frostfish,FALSE
Cyttopsis rosea,accepted name,4953,Cyttopsis rosea,Teleostei,Zeiformes,Parazenidae,Cyttopsis,Rosy dory,FALSE
Cyttopsis itea,synonym,4953,Cyttopsis rosea,Teleostei,Zeiformes,Parazenidae,Cyttopsis,Rosy dory,FALSE
Cyttopsis roseus,synonym,4953,Cyttopsis rosea,Teleostei,Zeiformes,Parazenidae,Cyttopsis,Rosy dory,FALSE
Cyttopsis scuutatus,synonym,4953,Cyttopsis rosea,Teleostei,Zeiformes,Parazenidae,Cyttopsis,Rosy dory,FALSE
Cyttus roseus,synonym,4953,Cyttopsis rosea,Teleostei,Zeiformes,Parazenidae,Cyttopsis,Rosy dory,FALSE
Paracyttopsis scutatus,synonym,4953,Cyttopsis rosea,Teleostei,Zeiformes,Parazenidae,Cyttopsis,Rosy dory,FALSE
Zen itea,synonym,4953,Cyttopsis rosea,Teleostei,Zeiformes,Parazenidae,Cyttopsis,Rosy dory,FALSE
Zen scutatus,synonym,4953,Cyttopsis rosea,Teleostei,Zeiformes,Parazenidae,Cyttopsis,Rosy dory,FALSE
Zeus roseus,synonym,4953,Cyttopsis rosea,Teleostei,Zeiformes,Parazenidae,Cyttopsis,Rosy dory,FALSE
Zenopsis conchifer,accepted name,336,Zenopsis conchifer,Teleostei,Zeiformes,Zeidae,Zenopsis,Silvery John dory,FALSE
Parazenopsis argenteus,synonym,336,Zenopsis conchifer,Teleostei,Zeiformes,Zeidae,Zenopsis,Silvery John dory,FALSE
Zenopsis conchifera,synonym,336,Zenopsis conchifer,Teleostei,Zeiformes,Zeidae,Zenopsis,Silvery John dory,FALSE
Zenopsis couchifer,synonym,336,Zenopsis conchifer,Teleostei,Zeiformes,Zeidae,Zenopsis,Silvery John dory,FALSE
Zenopsis figueirai,synonym,336,Zenopsis conchifer,Teleostei,Zeiformes,Zeidae,Zenopsis,Silvery John dory,FALSE
Zenopsis ocellata,synonym,336,Zenopsis conchifer,Teleostei,Zeiformes,Zeidae,Zenopsis,Silvery John dory,FALSE
Zenopsis ocellatus,synonym,336,Zenopsis conchifer,Teleostei,Zeiformes,Zeidae,Zenopsis,Silvery John dory,FALSE
Zeus conchifer,synonym,336,Zenopsis conchifer,Teleostei,Zeiformes,Zeidae,Zenopsis,Silvery John dory,FALSE
Zeus ocellatus,synonym,336,Zenopsis conchifer,Teleostei,Zeiformes,Zeidae,Zenopsis,Silvery John dory,FALSE
